No.,銘柄名,配当金分配年月,"配当金単価
（税引き後）","保有数
（特定）","受取金額
（特定）","保有数
（NISA）","受取金額
（NISA）"
1,バンガード 米国高配当株式ETF,2024/03,0.59USD,0,¥0,2,¥174
2,SPDRポートフォリオS&P 500高配当株式ETF,2024/03,0.33USD,191,"¥7,580",5,¥249
3,GMOフィナンシャルホールディングス,2024/03,¥7.20,20,¥115,0,¥0
4,iシェアーズ コア　米国高配当株 ETF,2024/03,0.75USD,51,"¥4,605",3,¥113
5,ジェイエイシーリクルートメント,2024/03,¥90.00,16,"¥1,148",0,¥0
6,キヤノン,2024/03,¥70.00,2,¥112,0,¥0
7,キリンホールディングス,2024/03,¥36.50,9,¥262,0,¥0
8,住友林業,2024/03,¥65.00,16,¥829,0,¥0
9,積水ハウス,2024/04,¥64.00,15,¥765,0,¥0
10,セブン銀行,2024/06,¥5.50,0,¥0,50,¥275
11,丸紅,2024/06,¥43.50,9,¥313,3,¥131
12,オリックス,2024/06,¥55.80,14,¥624,0,¥0
13,ソフトバンク,2024/06,¥43.00,10,¥344,0,¥0
14,三菱HCキャピタル,2024/06,¥10.00,19,¥152,0,¥0
15,SBIホールディングス,2024/06,¥130.00,11,"¥1,140",2,¥260
16,iシェアーズ コア　米国高配当株 ETF,2024/06,0.83USD,51,"¥5,316",6,¥785
17,双日,2024/06,¥70.00,17,¥949,0,¥0
18,KDDI,2024/06,¥70.00,8,¥447,2,¥140
19,三井物産,2024/06,¥85.00,12,¥813,1,¥85
20,GMOフィナンシャルホールディングス,2024/06,¥11.87,0,¥0,20,¥238
21,NTT,2024/06,¥2.60,125,¥260,0,¥0
22,三菱商事,2024/06,¥35.00,15,¥419,0,¥0
23,住友商事,2024/06,¥62.50,9,¥448,2,¥125
24,伊藤忠商事,2024/06,¥80.00,6,¥383,0,¥0
25,東京海上ホールディングス,2024/06,¥62.50,26,"¥1,296",2,¥125
26,SOMPOホールディングス,2024/06,¥150.00,11,"¥1,316",0,¥0
27,バンガード 米国高配当株式ETF,2024/06,0.92USD,0,¥0,8,"¥1,170"
28,SPDRポートフォリオS&P 500高配当株式ETF,2024/06,0.43USD,191,"¥10,578",6,¥417
29,電源開発,2024/06,¥55.00,13,¥571,3,¥165
30,ENEOSホールディングス,2024/06,¥11.00,0,¥0,2,¥22
31,武田薬品工業,2024/06,¥94.00,26,"¥1,948",0,¥0
32,三井住友フィナンシャルグループ,2024/06,¥135.00,10,"¥1,077",0,¥0
33,三菱UFJフィナンシャル・グループ,2024/06,¥20.50,22,¥360,0,¥0
34,大和ハウス工業,2024/06,¥80.00,8,¥510,1,¥80
35,長谷工コーポレーション,2024/06,¥45.00,8,¥287,0,¥0
36,キヤノン,2024/08,¥75.00,2,¥121,3,¥225
37,花王,2024/09,¥76.00,0,¥0,2,¥152
38,INPEX,2024/09,¥43.00,0,¥0,4,¥172
39,ヒューリック,2024/09,¥26.00,0,¥0,4,¥104
40,日本たばこ産業,2024/09,¥97.00,0,¥0,3,¥291
41,キリンホールディングス,2024/09,¥35.50,9,¥256,2,¥72
42,住友林業,2024/09,¥65.00,16,¥829,5,¥325
43,あおぞら銀行,2024/09,¥19.00,0,¥0,6,¥114
44,GMOフィナンシャルホールディングス,2024/09,¥2.00,0,¥0,20,¥40
45,バンガード 米国高配当株式ETF,2024/09,0.76USD,0,¥0,8,¥874
46,SPDRポートフォリオS&P 500高配当株式ETF,2024/09,0.41USD,191,"¥8,928",6,¥352
47,積水ハウス,2024/09,¥64.00,15,¥765,2,¥128
48,iシェアーズ コア　米国高配当株 ETF,2024/10,1.1USD,51,"¥6,381",6,¥942
49,電源開発,2024/11,¥50.00,13,¥519,8,¥400
50,NTT,2024/11,¥2.60,125,¥260,0,¥0
51,ENEOSホールディングス,2024/11,¥13.00,0,¥0,4,¥52
52,セブン銀行,2024/12,¥5.50,0,¥0,50,¥275
53,三菱商事,2024/12,¥50.00,15,¥599,0,¥0
54,住友商事,2024/12,¥65.00,9,¥467,3,¥195
55,丸紅,2024/12,¥45.00,9,¥323,5,¥225
56,伊藤忠商事,2024/12,¥100.00,6,¥479,1,¥100
57,武田薬品工業,2024/12,¥98.00,26,"¥2,031",3,¥294
58,双日,2024/12,¥75.00,17,"¥1,017",7,¥525
59,KDDI,2024/12,¥70.00,8,¥447,5,¥350
60,三井住友フィナンシャルグループ,2024/12,¥180.00,10,"¥1,435",1,¥180
61,三井物産,2024/12,¥50.00,24,¥957,3,¥150
62,SOMPOホールディングス,2024/12,¥56.00,33,"¥1,473",4,¥224
63,三菱UFJフィナンシャル・グループ,2024/12,¥25.00,22,¥439,6,¥150
64,大和ハウス工業,2024/12,¥70.00,8,¥447,5,¥350
65,ソフトバンク,2024/12,¥43.00,10,¥344,3,¥129
66,長谷工コーポレーション,2024/12,¥40.00,8,¥255,4,¥160
67,オリックス,2024/12,¥63.00,14,¥694,1,¥63
68,東京海上ホールディングス,2024/12,¥81.00,26,"¥1,679",3,¥243
69,三菱HCキャピタル,2024/12,¥20.00,10,¥160,4,¥80
70,SBIホールディングス,2024/12,¥30.00,11,¥264,7,¥210
71,あおぞら銀行,2024/12,¥19.00,0,¥0,6,¥114
72,GMOフィナンシャルホールディングス,2024/12,¥8.27,0,¥0,20,¥166
73,iシェアーズ コア　米国高配当株 ETF,2024/12,1.01USD,51,"¥6,442",8,"¥1,268"
74,バンガード 米国高配当株式ETF,2024/12,0.86USD,0,¥0,9,"¥1,223"
75,SPDRポートフォリオS&P 500高配当株式ETF,2024/12,0.49USD,191,"¥11,720",8,¥616
76,あおぞら銀行,2025/03,¥19.00,0,¥0,6,¥114
77,iシェアーズ コア　米国高配当株 ETF,2025/03,0.71USD,51,"¥4,311",13,"¥1,379"
78,GMOフィナンシャルホールディングス,2025/03,¥5.24,0,¥0,20,¥105
79,花王,2025/03,¥76.00,0,¥0,4,¥304
80,バンガード 米国高配当株式ETF,2025/03,0.76USD,0,¥0,12,"¥1,378"
81,SPDRポートフォリオS&P 500高配当株式ETF,2025/03,0.37USD,191,"¥8,562",8,¥450
82,ヒューリック,2025/03,¥28.00,0,¥0,10,¥280
83,日本たばこ産業,2025/03,¥97.00,0,¥0,5,¥485
84,ジェイエイシーリクルートメント,2025/03,¥26.00,64,"¥1,327",10,¥260
85,キヤノン,2025/03,¥80.00,2,¥128,3,¥240
86,キリンホールディングス,2025/03,¥35.50,9,¥256,2,¥72
87,住友林業,2025/03,¥80.00,16,"¥1,020",6,¥480
88,INPEX,2025/03,¥43.00,0,¥0,13,¥559
89,積水ハウス,2025/04,¥71.00,15,¥849,4,¥284
90,丸紅,2025/06,¥50.00,9,¥360,7,¥350
91,双日,2025/06,¥75.00,17,"¥1,017",10,¥750
92,オリックス,2025/06,¥57.84,14,¥646,2,¥117
93,三菱HCキャピタル,2025/06,¥20.00,10,¥160,6,¥120
94,SBIホールディングス,2025/06,¥140.00,11,"¥1,228",9,"¥1,260"
95,セブン銀行,2025/06,¥5.50,0,¥0,50,¥275
96,ソフトバンク,2025/06,¥4.30,100,¥344,30,¥129
97,KDDI,2025/06,¥75.00,8,¥479,6,¥450
98,日本郵船,2025/06,¥195.00,0,¥0,1,¥195
99,三井物産,2025/06,¥50.00,24,¥957,6,¥300
100,NTT,2025/06,¥2.60,0,¥0,125,¥325
101,GMOフィナンシャルホールディングス,2025/06,¥13.80,0,¥0,20,¥276
102,小松製作所,2025/06,¥107.00,0,¥0,2,¥214
103,iシェアーズ コア　米国高配当株 ETF,2025/06,0.82USD,51,"¥4,821",16,"¥1,898"
104,三菱商事,2025/06,¥50.00,15,¥599,6,¥300
105,住友商事,2025/06,¥65.00,9,¥467,5,¥325
106,伊藤忠商事,2025/06,¥100.00,6,¥479,3,¥300
107,東京海上ホールディングス,2025/06,¥91.00,26,"¥1,886",5,¥455
108,SOMPOホールディングス,2025/06,¥76.00,33,"¥1,999",5,¥380
109,バンガード 米国高配当株式ETF,2025/06,0.77USD,0,¥0,17,"¥1,908"
110,あおぞら銀行,2025/06,¥22.00,0,¥0,7,¥154
111,SPDRポートフォリオS&P 500高配当株式ETF,2025/06,0.45USD,191,"¥9,858",9,¥583
112,武田薬品工業,2025/06,¥98.00,26,"¥2,031",5,¥490
113,電源開発,2025/06,¥50.00,13,¥519,11,¥550
114,ENEOSホールディングス,2025/06,¥13.00,0,¥0,4,¥52
115,三菱UFJフィナンシャル・グループ,2025/06,¥39.00,22,¥685,7,¥273
116,大和ハウス工業,2025/06,¥80.00,8,¥510,5,¥400
117,長谷工コーポレーション,2025/06,¥45.00,8,¥287,6,¥270
118,三井住友フィナンシャルグループ,2025/07,¥62.00,30,"¥1,483",4,¥248
119,キヤノン,2025/08,¥80.00,2,¥128,5,¥400
120,ブリヂストン,2025/09,¥115.00,0,¥0,4,¥460
121,花王,2025/09,¥77.00,0,¥0,5,¥385
122,日本たばこ産業,2025/09,¥104.00,0,¥0,6,¥624
123,INPEX,2025/09,¥50.00,0,¥0,26,"¥1,300"
124,あおぞら銀行,2025/09,¥22.00,0,¥0,9,¥198
125,ヒューリック,2025/09,¥28.50,0,¥0,12,¥342
126,キリンホールディングス,2025/09,¥37.00,9,¥267,4,¥148
127,住友林業,2025/09,¥75.00,16,¥957,9,¥675
128,GMOフィナンシャルホールディングス,2025/09,¥20.43,0,¥0,20,¥409
129,iシェアーズ コア　米国高配当株 ETF,2025/09,0.85USD,51,"¥5,111",17,"¥2,138"
130,バンガード 米国高配当株式ETF,2025/09,0.75USD,0,¥0,18,"¥2,010"
131,SPDRポートフォリオS&P 500高配当株式ETF,2025/09,0.44USD,191,"¥9,842",9,¥582
132,積水ハウス,2025/09,¥72.00,15,¥861,9,¥648
133,電源開発,2025/11,¥50.00,13,¥519,14,¥700
134,NTT,2025/11,¥2.65,0,¥0,125,¥332
135,セブン銀行,2025/12,¥5.50,0,¥0,50,¥275
136,三菱商事,2025/12,¥55.00,15,¥658,9,¥495
137,住友商事,2025/12,¥70.00,9,¥503,8,¥560
138,丸紅,2025/12,¥50.00,9,¥360,9,¥450
139,小松製作所,2025/12,¥95.00,0,¥0,9,¥855
140,武田薬品工業,2025/12,¥100.00,26,"¥2,072",7,¥700
141,双日,2025/12,¥82.50,17,"¥1,118",13,"¥1,073"
142,三井住友フィナンシャルグループ,2025/12,¥78.00,30,"¥1,865",6,¥468
143,三井物産,2025/12,¥55.00,24,"¥1,052",7,¥385
144,伊藤忠商事,2025/12,¥100.00,6,¥479,3,¥300
145,日本郵船,2025/12,¥115.00,0,¥0,7,¥805
146,ソフトバンク,2025/12,¥4.30,100,¥344,30,¥129
147,SOMPOホールディングス,2025/12,¥75.00,33,"¥1,973",6,¥450
148,三菱HCキャピタル,2025/12,¥22.00,10,¥176,6,¥132
149,三菱UFJフィナンシャル・グループ,2025/12,¥35.00,22,¥615,10,¥350
150,ENEOSホールディングス,2025/12,¥17.00,0,¥0,14,¥238
151,大和ハウス工業,2025/12,¥75.00,8,¥479,5,¥375
152,KDDI,2025/12,¥40.00,16,¥510,12,¥480
153,長谷工コーポレーション,2025/12,¥45.00,8,¥287,6,¥270
154,オリックス,2025/12,¥93.76,14,"¥1,047",6,¥564
155,東京海上ホールディングス,2025/12,¥105.50,26,"¥2,186",5,¥528
156,SBIホールディングス,2025/12,¥40.00,11,¥351,12,¥480
157,あおぞら銀行,2025/12,¥22.00,0,¥0,9,¥198
158,GMOフィナンシャルホールディングス,2025/12,¥14.87,0,¥0,20,¥298
159,iシェアーズ コア　米国高配当株 ETF,2025/12,1.12USD,51,"¥7,097",18,"¥3,143"
160,バンガード 米国高配当株式ETF,2025/12,0.85USD,0,¥0,19,"¥2,524"
161,SPDRポートフォリオS&P 500高配当株式ETF,2025/12,0.49USD,191,"¥11,689",10,¥768